State,Actual,Predicted
Indiana,2.1567430498590903,2.256613369353253
South Carolina,2.4006453828052376,2.7179412261410194
New Mexico,8.18210238411329,3.45408899447337
Virginia,1.5948235012273255,1.598924821358729
Louisiana,3.498224323197447,3.0635194387159266
Wisconsin,2.0470465432404747,2.418059088491381
Nebraska,2.0218572882142403,2.5158900754428477
Montana,4.502070952638214,2.833618639516424
North Carolina,2.0857384312349114,2.2104041257009914
Maryland,1.79604297752859,1.3602786913223193
